date,mm_long,mm_short,mm_net,open_interest
2006-06-13,99739,29859,69880,288981
2006-06-20,91198,30082,61116,288148
2006-06-27,88635,31420,57215,292789
2006-07-03,90104,30778,59326,292500
2006-07-11,101019,29135,71884,312684
2006-07-18,105068,25797,79271,324276
2006-07-25,96891,23984,72907,315635
2006-08-01,95785,25176,70609,304907
2006-08-08,100994,26676,74318,309097
2006-08-15,94115,26225,67890,313327
2006-08-22,87386,27081,60305,306171
2006-08-29,80809,31280,49529,307583
2006-09-05,87652,29430,58222,319998
2006-09-12,76571,30631,45940,310510
2006-09-19,72225,30632,41593,325852
2006-09-26,68325,33001,35324,322937
2006-10-03,66119,33666,32453,330065
2006-10-10,62270,39206,23064,334329
2006-10-17,64602,42773,21829,329875
2006-10-24,54019,43840,10179,331598
2006-10-31,59985,39093,20892,323481
2006-11-07,76134,32604,43530,335036
2006-11-14,79157,29403,49754,356575
2006-11-21,77773,29323,48450,355430
2006-11-28,75457,30862,44595,349517
2006-12-05,80731,28684,52047,330530
2006-12-12,78367,28281,50086,333101
2006-12-19,68672,29711,38961,337096
2006-12-26,69815,31696,38119,340473
2007-01-03,77786,30994,46792,353494
2007-01-09,65657,39661,25996,347491
2007-01-16,68430,33371,35059,344685
2007-01-23,85684,27746,57938,361114
2007-01-30,99352,29366,69986,348035
2007-02-06,109228,27766,81462,360936
2007-02-13,121684,24627,97057,383169
2007-02-20,121632,25830,95802,396115
2007-02-27,135725,23488,112237,415155
2007-03-06,90236,21355,68881,382550
2007-03-13,86278,18012,68266,394090
2007-03-20,84393,17292,67101,359726
2007-03-27,88263,19339,68924,359434
2007-04-03,92087,23268,68819,347817
2007-04-10,106783,23048,83735,369536
2007-04-17,124963,18323,106640,380800
2007-04-24,124958,20388,104570,403388
2007-05-01,122272,18137,104135,396276
2007-05-08,129038,14702,114336,411273
2007-05-15,107716,20305,87411,408936
2007-05-22,95529,29281,66248,416813
2007-05-29,91921,28204,63717,425688
2007-06-05,101257,24239,77018,385046
2007-06-12,80246,36872,43374,412150
2007-06-19,81722,31746,49976,410324
2007-06-26,72368,45874,26494,407640
2007-07-03,69308,34443,34865,375642
2007-07-10,72474,33675,38799,387916
2007-07-17,72985,27947,45038,385595
2007-07-24,114752,19037,95715,401603
2007-07-31,76461,21368,55093,351185
2007-08-07,84522,20981,63541,352908
2007-08-14,77995,12117,65878,347973
2007-08-21,65359,22367,42992,330204
2007-08-28,66292,16289,50003,325767
2007-09-04,85525,11759,73766,339439
2007-09-11,109090,8575,100515,373686
2007-09-18,125440,8362,117078,392748
2007-09-25,153984,9943,144041,440945
2007-10-02,165536,13596,151940,439865
2007-10-09,177069,8722,168347,458936
2007-10-16,191927,9649,182278,483872
2007-10-23,185137,12077,173060,489471
2007-10-30,194052,8156,185896,516163
2007-11-06,198786,12371,186415,556856
2007-11-13,185676,10739,174937,552546
2007-11-20,172412,11566,160846,512430
2007-11-27,163138,11283,151855,520782
2007-12-04,149675,5754,143921,486709
2007-12-11,155465,6109,149356,486198
2007-12-18,155660,9422,146238,495001
2007-12-24,164604,8469,156135,517020
2007-12-31,181902,10649,171253,541854
2008-01-08,191788,11019,180769,558309
2008-01-15,197021,11137,185884,593953
2008-01-22,193039,9618,183421,560173
2008-01-29,191376,9652,181724,522142
2008-02-05,191024,9337,181687,495139
2008-02-12,190428,12352,178076,475749
2008-02-19,200191,12457,187734,489789
2008-02-26,197000,10695,186305,495102
2008-03-04,188294,12567,175727,486992
2008-03-11,186110,10395,175715,482035
2008-03-18,179620,11055,168565,489055
2008-03-25,169444,14286,155158,452193
2008-04-01,146935,11584,135351,399393
2008-04-08,151135,15005,136130,407212
2008-04-15,156260,13481,142779,422699
2008-04-22,157492,14400,143092,424218
2008-04-29,151602,19235,132367,429670
2008-05-06,149175,24848,124327,433741
2008-05-13,150407,31816,118591,439636
2008-05-20,165800,18529,147271,453084
2008-05-27,166394,20722,145672,430961
2008-06-03,155935,22278,133657,398441
2008-06-10,144056,29172,114884,396392
2008-06-17,137007,19823,117184,390471
2008-06-24,143673,23409,120264,401226
2008-07-01,173983,17352,156631,434024
2008-07-08,174230,17127,157103,443202
2008-07-15,184704,15798,168906,483920
2008-07-22,177227,14225,163002,475606
2008-07-29,158000,14757,143243,446013
2008-08-05,142508,13682,128826,408430
2008-08-12,105895,16226,89669,365611
2008-08-19,94403,20486,73917,372968
2008-08-26,96269,29048,67221,380766
2008-09-02,89713,36022,53691,382329
2008-09-09,85376,41009,44367,392592
2008-09-16,89779,43587,46192,393814
2008-09-23,96573,23508,73065,368254
2008-09-30,88674,13550,75124,336598
2008-10-07,87411,17386,70025,329480
2008-10-14,84083,14296,69787,323496
2008-10-21,74401,18759,55642,319472
2008-10-28,69214,23048,46166,313709
2008-11-04,71373,25156,46217,303908
2008-11-11,65794,28922,36872,293831
2008-11-18,62986,23776,39210,289700
2008-11-25,73051,15312,57739,276567
2008-12-02,69409,8657,60752,264796
2008-12-09,69760,11925,57835,261001
2008-12-16,85191,11859,73332,282915
2008-12-22,94571,6768,87803,291022
2008-12-30,99432,7545,91887,300448
2009-01-06,104828,6338,98490,320391
2009-01-13,96909,6889,90020,318185
2009-01-20,101220,8898,92322,331507
2009-01-27,118261,12696,105565,354191
2009-02-03,130230,12946,117284,346288
2009-02-10,135286,12626,122660,350858
2009-02-17,137668,14501,123167,361619
2009-02-24,142009,11416,130593,372697
2009-03-03,142338,7446,134892,365271
2009-03-10,136814,8042,128772,371321
2009-03-17,134182,6202,127980,376237
2009-03-24,134155,8485,125670,387177
2009-03-31,138279,7794,130485,368618
2009-04-07,126084,14927,111157,344929
2009-04-14,125729,13705,112024,336930
2009-04-21,123645,12331,111314,339226
2009-04-28,123760,15478,108282,343037
2009-05-05,126846,12219,114627,341461
2009-05-12,136934,12773,124161,359517
2009-05-19,140605,13146,127459,367931
2009-05-26,155440,12542,142898,396965
2009-06-02,162201,9047,153154,391057
2009-06-09,166473,5836,160637,387181
2009-06-16,153484,6654,146830,371997
2009-06-23,149419,10207,139212,370347
2009-06-30,147628,10141,137487,379199
2009-07-07,144471,5708,138763,372985
2009-07-14,140260,8088,132172,370509
2009-07-21,158071,7736,150335,390939
2009-07-28,154908,7570,147338,386340
2009-08-04,174707,7021,167686,392834
2009-08-11,167169,7234,159935,385002
2009-08-18,153525,12039,141486,373810
2009-08-25,156834,7238,149596,379629
2009-09-01,157220,7182,150038,384703
2009-09-08,194723,7174,187549,451713
2009-09-15,207387,5527,201860,467892
2009-09-22,208236,5170,203066,467145
2009-09-29,198175,3726,194449,454585
2009-10-06,215753,6378,209375,484307
2009-10-13,232086,5232,226854,504187
2009-10-20,233990,6715,227275,509678
2009-10-27,217920,7549,210371,497479
2009-11-03,227499,9278,218221,493991
2009-11-09,223460,8495,214965,530505
2009-11-17,222637,8401,214236,533119
2009-11-24,225366,3589,221777,521253
2009-12-01,224030,6874,217156,521433
2009-12-08,213164,5353,207811,505652
2009-12-15,212517,4429,208088,504368
2009-12-22,206996,4813,202183,499233
2009-12-29,201751,5926,195825,491712
2010-01-05,198506,6907,191599,507643
2010-01-12,202180,11137,191043,523266
2010-01-19,200320,7695,192625,528924
2010-01-26,182133,7766,174367,507565
2010-02-02,187024,8423,178601,480860
2010-02-09,166132,13404,152728,466905
2010-02-16,167613,10459,157154,466509
2010-02-23,171565,6909,164656,466572
2010-03-02,182360,5689,176671,482786
2010-03-09,179078,4670,174408,493909
2010-03-16,176715,6438,170277,496481
2010-03-23,162654,8962,153692,495143
2010-03-30,155355,8135,147220,466678
2010-04-06,181635,6500,175135,497388
2010-04-13,200201,3506,196695,528856
2010-04-20,199008,6768,192240,521338
2010-04-27,210203,4760,205443,538591
2010-05-04,217433,9645,207788,551616
2010-05-11,224664,7134,217530,583504
2010-05-18,226337,6542,219795,579758
2010-05-25,212919,7703,205216,591360
2010-06-01,210717,4459,206258,553950
2010-06-08,215177,5161,210016,564792
2010-06-15,215511,4021,211490,569204
2010-06-22,223219,4354,218865,602411
2010-06-29,219365,4903,214462,601138
2010-07-06,193032,11299,181733,577732
2010-07-13,188892,8138,180754,568078
2010-07-20,169169,20798,148371,559473
2010-07-27,167161,14269,152892,560066
2010-08-03,167800,11435,156365,518643
2010-08-10,167837,9244,158593,523078
2010-08-17,182555,5336,177219,543674
2010-08-24,201864,5780,196084,556464
2010-08-31,215631,6431,209200,577352
2010-09-07,217437,6410,211027,585564
2010-09-14,225821,7571,218250,594058
2010-09-21,219781,5982,213799,597592
2010-09-28,231457,7049,224408,619408
2010-10-05,227061,8345,218716,617204
2010-10-12,233925,9966,223959,616382
2010-10-19,220360,11613,208747,630626
2010-10-26,209780,11743,198037,607582
2010-11-02,211627,16033,195594,618381
2010-11-09,208053,19379,188674,650764
2010-11-16,183835,17233,166602,637435
2010-11-23,185172,15166,170006,622712
2010-11-30,187247,11873,175374,600158
2010-12-07,190212,10455,179757,603632
2010-12-14,180601,11976,168625,594652
2010-12-21,172385,14735,157650,582133
2010-12-28,180866,12952,167914,594490
2011-01-04,172298,16163,156135,592613
2011-01-11,160750,21194,139556,588179
2011-01-18,159114,25874,133240,587832
2011-01-25,160562,22345,138217,506047
2011-02-01,145530,21797,123733,462907
2011-02-08,159732,18223,141509,469779
2011-02-15,166406,12172,154234,473345
2011-02-22,185082,16633,168449,502119
2011-03-01,199371,10555,188816,515784
2011-03-08,197377,8757,188620,515214
2011-03-15,187986,11748,176238,507760
2011-03-22,183912,5037,178875,509131
2011-03-29,196020,4603,191417,492087
2011-04-05,213018,6324,206694,508956
2011-04-12,208714,6810,201904,514871
2011-04-19,216243,4506,211737,537946
2011-04-26,207496,5079,202417,530132
2011-05-03,203624,10746,192878,522323
2011-05-10,191435,10461,180974,510151
2011-05-17,181722,7934,173788,509164
2011-05-24,191481,14589,176892,531180
2011-05-31,197416,10101,187315,501400
2011-06-07,203518,7648,195870,502251
2011-06-14,197429,9643,187786,497780
2011-06-21,213479,7220,206259,515016
2011-06-28,178804,9233,169571,495761
2011-07-05,173769,8346,165423,489782
2011-07-12,208383,9278,199105,520202
2011-07-19,220116,9827,210289,542342
2011-07-26,221551,8050,213501,536454
2011-08-02,237847,9023,228824,529403
2011-08-09,201303,9893,191410,510223
2011-08-16,213261,13386,199875,514107
2011-08-23,202430,10108,192322,528520
2011-08-30,189799,6727,183072,509326
2011-09-06,195197,7002,188195,523294
2011-09-13,182461,6192,176269,512068
2011-09-20,159718,8293,151425,499356
2011-09-27,136103,13628,122475,465414
2011-10-04,133320,12631,120689,436920
2011-10-11,134111,12090,122021,438090
2011-10-18,132678,14779,117899,437739
2011-10-25,141961,15391,126570,443723
2011-11-01,144879,11868,133011,442435
2011-11-08,155632,9577,146055,464982
2011-11-15,159850,8940,150910,470490
2011-11-22,146180,8498,137682,457070
2011-11-29,141009,7215,133794,423176
2011-12-06,146486,8794,137692,422956
2011-12-13,137811,10674,127137,427699
2011-12-20,124617,13147,111470,423465
2011-12-27,120594,14551,106043,418945
2012-01-03,121961,17399,104562,423275
2012-01-10,118994,15014,103980,417923
2012-01-17,120582,11927,108655,432838
2012-01-24,127512,10356,117156,427032
2012-01-31,149921,5973,143948,425133
2012-02-07,161575,5966,155609,436061
2012-02-14,156994,8005,148989,431164
2012-02-21,169144,8850,160294,456676
2012-02-28,184843,7700,177143,479044
2012-03-06,153286,11445,141841,443249
2012-03-13,146286,12668,133618,442319
2012-03-20,129938,16840,113098,431039
2012-03-27,136546,12463,124083,417304
2012-04-03,126887,13847,113040,407761
2012-04-10,119710,15480,104230,403989
2012-04-17,117770,10194,107576,398526
2012-04-24,115706,12356,103350,395389
2012-05-01,119865,9809,110056,411972
2012-05-08,113307,22935,90372,417798
2012-05-15,112920,32822,80098,422091
2012-05-22,113453,38808,74645,435706
2012-05-29,113383,40857,72526,419991
2012-06-05,124211,35621,88590,423941
2012-06-12,120365,32492,87873,412244
2012-06-19,121411,28260,93151,418492
2012-06-26,110884,33389,77495,413618
2012-07-03,125464,29245,96219,425068
2012-07-10,115071,34784,80287,429854
2012-07-17,109800,28444,81356,431317
2012-07-24,92963,33154,59809,420296
2012-07-31,105196,24339,80857,403403
2012-08-07,96887,27177,69710,388254
2012-08-14,95478,28822,66656,388187
2012-08-21,111063,19478,91585,398747
2012-08-28,127743,14577,113166,426559
2012-09-04,136347,13420,122927,444489
2012-09-11,147696,10083,137613,460531
2012-09-18,155972,11670,144302,478609
2012-09-25,167404,9176,158228,489516
2012-10-02,171822,8832,162990,480908
2012-10-09,177644,10171,167473,484359
2012-10-16,169829,11245,158584,462826
2012-10-23,159412,12776,146636,455836
2012-10-30,149389,13961,135428,454742
2012-11-06,128668,13499,115169,447154
2012-11-13,137972,13042,124930,459761
2012-11-20,147339,11400,135939,474129
2012-11-27,159947,7640,152307,479373
2012-12-04,134304,15559,118745,434416
2012-12-11,134234,14579,119655,433586
2012-12-18,130786,22755,108031,435742
2012-12-24,128403,29509,98894,426300
2012-12-31,124967,27848,97119,427991
2013-01-08,117603,30254,87349,441304
2013-01-15,118437,27333,91104,447773
2013-01-22,121758,23861,97897,461369
2013-01-29,111076,34575,76501,430718
2013-02-05,113058,34510,78548,423982
2013-02-12,113939,47357,66582,435088
2013-02-19,109507,66697,42810,447290
2013-02-26,112888,62035,50853,433858
2013-03-05,108352,67182,41170,434586
2013-03-12,112966,68642,44324,445651
2013-03-19,121388,56609,64779,440712
2013-03-26,110766,54831,55935,419727
2013-04-02,110504,66308,44196,417176
2013-04-09,113423,63436,49987,416513
2013-04-16,122687,54025,68662,413083
2013-04-23,119662,66743,52919,415074
2013-04-30,116815,65224,51591,421087
2013-05-07,115705,67172,48533,437931
2013-05-14,112533,73149,39384,443806
2013-05-21,113088,76730,36358,446087
2013-05-28,114281,67244,47037,411001
2013-06-04,112259,58671,53588,373061
2013-06-11,116492,61174,55318,373844
2013-06-18,110415,71162,39253,377106
2013-06-25,107441,77152,30289,390647
2013-07-02,103011,81627,21384,410399
2013-07-09,105942,82060,23882,431574
2013-07-16,106737,64896,41841,440283
2013-07-23,111993,56639,55354,434750
2013-07-30,108850,56821,52029,397035
2013-08-06,105340,70596,34744,396062
2013-08-13,100561,62573,37988,390547
2013-08-20,104483,56067,48416,385410
2013-08-27,105531,35142,70389,384102
2013-09-03,107642,32242,75400,388584
2013-09-10,100358,35578,64780,384164
2013-09-17,96370,41590,54780,384592
2013-09-24,99035,35023,64012,378216
2013-10-01,97777,36394,61383,374151
2013-10-08,97919,26363,71556,370406
2013-10-15,97326,44536,52790,381727
2013-10-22,105074,38476,66598,390369
2013-10-29,109627,21224,88403,387166
2013-11-05,105007,26923,78084,386796
2013-11-12,100760,54653,46107,403840
2013-11-19,97331,62800,34531,397590
2013-11-26,93619,77658,15961,394432
2013-12-03,93671,83730,9941,386436
2013-12-10,94330,78527,15803,377313
2013-12-17,93399,79637,13762,385432
2013-12-24,93958,82765,11193,384974
2013-12-31,96059,78334,17725,379550
2014-01-07,98659,74421,24238,383021
2014-01-14,104303,76033,28270,415426
2014-01-21,104723,74506,30217,410959
2014-01-28,109782,62544,47238,382739
2014-02-04,107407,63755,43652,368279
2014-02-11,116817,64731,52086,376973
2014-02-18,123273,54503,68770,390535
2014-02-25,127279,31023,96256,387503
2014-03-04,128351,27184,101167,393266
2014-03-11,127797,21766,106031,415340
2014-03-18,137216,16153,121063,420626
2014-03-25,125231,18218,107013,398264
2014-04-01,117969,26516,91453,363451
2014-04-08,109728,28201,81527,365400
2014-04-15,105454,32464,72990,369577
2014-04-22,105681,28575,77106,372593
2014-04-29,106919,29512,77407,378092
2014-05-06,119385,28746,90639,404700
2014-05-13,114561,32107,82454,397029
2014-05-20,112385,31232,81153,399371
2014-05-27,111146,53577,57569,397695
2014-06-03,111245,73063,38182,382141
2014-06-10,111795,73741,38054,378689
2014-06-17,113624,60065,53559,379843
2014-06-24,134571,34641,99930,392388
2014-07-01,149227,23273,125954,401813
2014-07-08,154719,20943,133776,410992
2014-07-15,149260,27173,122087,408368
2014-07-22,148121,22395,125726,405617
2014-07-29,135724,27094,108630,374467
2014-08-05,123819,33140,90679,360342
2014-08-12,138357,21930,116427,368114
2014-08-19,128398,25193,103205,366401
2014-08-26,118012,36830,81182,363608
2014-09-02,116120,53202,62918,371515
2014-09-09,118708,58501,60207,384341
2014-09-16,113659,73364,40295,386080
2014-09-23,110427,80297,30130,385788
2014-09-30,111264,80341,30923,379874
2014-10-07,110064,80201,29863,380087
2014-10-14,123582,81386,42196,397855
2014-10-21,132835,70347,62488,411057
2014-10-28,128420,68353,60067,414410
2014-11-04,113324,74519,38805,417377
2014-11-11,110478,79863,30615,443422
2014-11-18,119566,71166,48400,459657
2014-11-25,113999,59549,54450,388145
2014-12-02,117804,49170,68634,368121
2014-12-09,130648,39985,90663,375323
2014-12-16,127571,35746,91825,371743
2014-12-23,123087,40890,82197,375212
2014-12-30,124928,37878,87050,373982
2015-01-06,128325,34129,94196,394021
2015-01-13,132173,30232,101941,402108
2015-01-20,155602,26261,129341,430128
2015-01-27,173110,19873,153237,438279
2015-02-03,167310,18984,148326,419524
2015-02-10,140835,21298,119537,393232
2015-02-17,128595,32903,95692,389530
2015-02-24,124595,35108,89487,399307
2015-03-03,115279,42320,72959,405124
2015-03-10,107032,58359,48673,410918
2015-03-17,97847,78623,19224,429738
2015-03-24,98784,87349,11435,433767
2015-03-31,103808,67752,36056,387585
2015-04-07,112747,57072,55675,390571
2015-04-14,110439,62390,48049,395089
2015-04-21,108259,60134,48125,397379
2015-04-28,114952,64369,50583,403575
2015-05-05,98957,76100,22857,399988
2015-05-12,104207,76488,27719,405612
2015-05-19,132306,53689,78617,428597
2015-05-26,125069,58825,66244,411961
2015-06-02,125229,63482,61747,398724
2015-06-09,121125,83486,37639,406069
2015-06-16,124527,89529,34998,415718
2015-06-23,124843,84927,39916,430978
2015-06-30,115188,99565,15623,442301
2015-07-07,111482,109383,2099,452145
2015-07-14,108413,109536,-1123,462664
2015-07-21,106297,119853,-13556,459760
2015-07-28,106284,120917,-14633,438282
2015-08-04,103573,114860,-11287,434273
2015-08-11,108507,113937,-5430,435489
2015-08-18,112075,104158,7917,432728
2015-08-25,119456,78842,40614,432154
2015-09-01,112641,72044,40597,410274
2015-09-08,112684,85859,26825,421732
2015-09-15,104300,95493,8807,413333
2015-09-22,107531,86702,20829,419304
2015-09-29,112633,72069,40564,415700
2015-10-06,115414,69576,45838,430228
2015-10-13,128350,51137,77213,435928
2015-10-20,156199,39855,116344,467792
2015-10-27,147660,33568,114092,466780
2015-11-03,116702,49495,67207,443900
2015-11-10,91880,75011,16869,436426
2015-11-17,90510,104433,-13923,435376
2015-11-24,91059,107723,-16664,397705
2015-12-01,89982,110548,-20566,390940
2015-12-08,92488,109910,-17422,394128
2015-12-15,83617,110836,-27219,390944
2015-12-22,79979,100041,-20062,405294
2015-12-29,76071,103272,-27201,401880
2016-01-05,79732,95659,-15927,413688
2016-01-12,82908,82816,92,397565
2016-01-19,84054,83615,439,408835
2016-01-26,95745,78942,16803,385350
2016-02-02,100566,71530,29036,379185
2016-02-09,121059,60423,60636,410833
2016-02-16,126219,45206,81013,428912
2016-02-23,141373,32276,109097,445290
2016-03-01,133823,29453,104370,450555
2016-03-08,160317,32890,127427,499110
2016-03-15,159202,29425,129777,493086
2016-03-22,174457,29558,144899,510579
2016-03-29,184135,29930,154205,480461
2016-04-05,186716,33958,152758,474094
2016-04-12,202500,31866,170634,504523
2016-04-19,208661,34554,174107,503331
2016-04-26,206476,34426,172050,497884
2016-05-03,248842,29947,218895,565774
2016-05-10,246782,35591,211191,579777
2016-05-17,247059,34618,212441,595077
2016-05-24,205180,48719,156461,542958
2016-05-31,192160,43549,148611,494321
2016-06-07,212061,34695,177366,496330
2016-06-14,257500,28260,229240,545357
2016-06-21,274936,24528,250408,571517
2016-06-28,285895,24845,261050,613792
2016-07-05,300070,26994,273076,652971
2016-07-12,296106,36977,259129,633020
2016-07-19,287317,34920,252397,617069
2016-07-26,278777,31356,247421,576325
2016-08-02,288542,33813,254729,582211
2016-08-09,281496,36244,245252,575399
2016-08-16,277152,34425,242727,572496
2016-08-23,284550,30866,253684,572973
2016-08-30,266680,35086,231594,558398
2016-09-06,291692,22157,269535,590656
2016-09-13,271631,28654,242977,575002
2016-09-20,246119,32972,213147,558791
2016-09-27,282151,26974,255177,583161
2016-10-04,244765,44649,200116,544824
2016-10-11,203033,54240,148793,500328
2016-10-18,190008,59054,130954,497061
2016-10-25,199094,55184,143910,507617
2016-11-01,203670,37403,166267,521506
2016-11-08,211670,38033,173637,528203
2016-11-15,178132,43452,134680,479237
2016-11-22,171864,47475,124389,461062
2016-11-29,162086,55145,106941,405661
2016-12-06,150856,68538,82318,393524
2016-12-13,146150,77432,68718,397034
2016-12-20,137588,83783,53805,398661
2016-12-27,130595,87229,43366,401513
2017-01-03,127786,91229,36557,424673
2017-01-10,135563,79884,55679,444001
2017-01-17,141566,82931,58635,467937
2017-01-24,135159,75405,59754,482374
2017-01-31,140663,70826,69837,398433
2017-02-07,142542,72393,70149,415543
2017-02-14,135739,72114,63625,415128
2017-02-21,142639,64597,78042,427168
2017-02-28,166437,52191,114246,446081
2017-03-07,150277,60030,90247,434401
2017-03-14,121179,74805,46374,426170
2017-03-21,130259,74064,56195,446880
2017-03-28,150879,59836,91043,449418
2017-04-04,163428,54302,109126,427808
2017-04-11,179841,46830,133011,456131
2017-04-18,199001,47765,151236,472263
2017-04-25,207394,47014,160380,475985
2017-05-02,195331,51720,143611,461905
2017-05-09,151419,55457,95962,433033
2017-05-16,132094,66226,65868,435021
2017-05-23,161893,50845,111048,462572
2017-05-30,175304,51171,124133,434246
2017-06-06,229476,63427,166049,494041
2017-06-13,214955,67459,147496,471134
2017-06-20,165035,65659,99376,445841
2017-06-27,144515,71860,72655,453144
2017-07-03,129780,96091,33689,457201
2017-07-11,123619,100397,23222,475669
2017-07-18,127028,98115,28913,484204
2017-07-25,136359,62735,73624,463827
2017-08-01,158082,39624,118458,448709
2017-08-08,164828,28843,135985,448727
2017-08-15,195433,18877,176556,477921
2017-08-22,209717,15638,194079,500443
2017-08-29,235065,13939,221126,538875
2017-09-05,251489,14301,237188,566817
2017-09-12,270413,16896,253517,580606
2017-09-19,251735,18353,233382,570096
2017-09-26,219134,23158,195976,549637
2017-10-03,204361,24917,179444,525127
2017-10-10,193154,21824,171330,520005
2017-10-17,196555,27040,169515,528800
2017-10-24,192701,24333,168368,526674
2017-10-31,182652,16687,165965,531918
2017-11-07,187782,17070,170712,536843
2017-11-14,190657,14559,176098,533054
2017-11-21,187292,14137,173155,531612
2017-11-28,208518,9978,198540,503810
2017-12-05,167174,32664,134510,472795
2017-12-12,123139,46913,76226,446618
2017-12-19,116642,35397,81245,453595
2017-12-26,127715,19957,107758,456470
2018-01-02,168423,20249,148174,500731
2018-01-09,216115,20065,196050,555455
2018-01-16,227373,25841,201532,582333
2018-01-23,236003,26467,209536,582421
2018-01-30,230597,23035,207562,559332
2018-02-06,206377,23448,182929,535321
2018-02-13,186183,16426,169757,511745
2018-02-20,190398,14943,175455,528154
2018-02-27,177475,27456,150019,532860
2018-03-06,172492,21786,150706,508100
2018-03-13,162337,26472,135865,526762
2018-03-20,148152,36345,111807,545499
2018-03-27,183080,20917,162163,529690
2018-04-03,155590,28948,126642,493141
2018-04-10,154044,28482,125562,499588
2018-04-17,157925,25287,132638,510229
2018-04-24,143258,43597,99661,506410
2018-05-01,119064,79747,39317,507756
2018-05-08,109508,67869,41639,491398
2018-05-15,103256,84258,18998,519958
2018-05-22,91411,74880,16531,502942
2018-05-29,107882,53881,54001,469382
2018-06-05,100027,49147,50880,450641
2018-06-12,104313,48809,55504,448695
2018-06-19,94297,83769,10528,468345
2018-06-26,94845,94869,-24,468573
2018-07-03,104275,105529,-1254,494164
2018-07-10,107402,109929,-2527,503593
2018-07-17,107775,134224,-26449,528278
2018-07-24,110249,146671,-36422,496620
2018-07-31,110580,153108,-42528,452655
2018-08-07,105849,171965,-66116,459474
2018-08-14,104803,188127,-83324,476739
2018-08-21,107143,197171,-90028,483730
2018-08-28,105971,181743,-75772,479283
2018-09-04,101651,184373,-82722,473118
2018-09-11,100593,175812,-75219,469450
2018-09-18,97904,180367,-82463,469436
2018-09-25,98513,182190,-83677,460279
2018-10-02,100671,180274,-79603,459776
2018-10-09,82218,191672,-109454,465253
2018-10-16,95333,144715,-49382,474418
2018-10-23,99368,137484,-38116,477832
2018-10-30,80105,135628,-55523,474941
2018-11-06,82188,129634,-47446,494911
2018-11-13,79529,158723,-79194,539520
2018-11-20,84356,136207,-51851,525940
2018-11-27,79992,138382,-58390,442801
2018-12-04,99414,109201,-9787,399919
2018-12-11,89942,90008,-66,402250
2018-12-18,100828,89630,11198,412485
2018-12-24,119146,77178,41968,442727
2018-12-31,121205,71021,50184,451360
2019-01-08,112690,80219,32471,455232
2019-01-15,115651,90716,24935,501605
2019-01-22,105295,89085,16210,513509
2019-01-29,126404,94007,32397,483390
2019-02-05,134954,90079,44875,479736
2019-02-12,132365,89746,42619,476083
2019-02-19,166411,84034,82377,504639
2019-02-26,154217,75658,78559,501268
2019-03-05,125903,94656,31247,471311
2019-03-12,123293,105886,17407,530030
2019-03-19,123909,93434,30475,514163
2019-03-26,135373,77386,57987,509575
2019-04-02,110816,86198,24618,440170
2019-04-09,117917,80880,37037,447539
2019-04-16,96196,111583,-15387,440581
2019-04-23,88989,122818,-33829,440048
2019-04-30,95159,95083,76,430011
2019-05-07,102975,93428,9547,450039
2019-05-14,138467,85921,52546,517995
2019-05-21,114986,99049,15937,508643
2019-05-28,119314,93040,26274,505126
2019-06-04,159663,63481,96182,481495
2019-06-11,169640,40480,129160,496663
2019-06-18,191766,41250,150516,525636
2019-06-25,204918,27177,177741,577605
2019-07-02,214186,20099,194087,605949
2019-07-09,208301,25690,182611,598977
2019-07-16,211322,31263,180059,601900
2019-07-23,208153,29980,178173,616859
2019-07-30,215581,29868,185713,563298
2019-08-06,248687,21854,226833,600317
2019-08-13,245631,22020,223611,593962
2019-08-20,249696,19850,229846,594807
2019-08-27,258269,31553,226716,636183
2019-09-03,265175,33549,231626,634358
2019-09-10,239475,33294,206181,614753
2019-09-17,241936,28080,213856,630990
2019-09-24,265508,27637,237871,658944
2019-10-01,219990,29179,190811,604885
2019-10-08,231976,31475,200501,616957
2019-10-15,213987,38200,175787,607387
2019-10-22,218317,33879,184438,625528
2019-10-29,230664,32106,198558,643442
2019-11-05,233167,35920,197247,690181
2019-11-12,209432,33991,175441,708463
2019-11-19,221795,26596,195199,719211
2019-11-26,218724,24437,194287,669268
2019-12-03,232276,24314,207962,701016
2019-12-10,212929,29281,183648,690003
2019-12-17,228616,26895,201721,716987
2019-12-24,245366,26520,218846,748737
2019-12-31,258357,25625,232732,786166
2020-01-07,261083,31326,229757,785857
2020-01-14,262402,31943,230459,796883
2020-01-21,258269,34437,223832,793829
2020-01-28,254259,34321,219938,715539
2020-02-04,223762,42152,181610,654572
2020-02-11,231499,35828,195671,658024
2020-02-18,278286,39740,238546,715317
2020-02-25,263218,32372,230846,732917
2020-03-03,242921,27560,215361,691985
2020-03-10,220642,10457,210185,633470
2020-03-17,164979,10900,154079,573925
2020-03-24,158965,1556,157409,547334
2020-03-31,156820,4222,152598,495652
2020-04-07,157005,4523,152482,480050
2020-04-14,162412,7168,155244,489965
2020-04-21,155492,9221,146271,493158
2020-04-28,154025,7619,146406,500816
2020-05-05,142326,9085,133241,490343
2020-05-12,144015,21798,122217,496739
2020-05-19,153961,26897,127064,528205
2020-05-26,145566,32485,113081,519374
2020-06-02,133655,33300,100355,475745
2020-06-09,126407,35230,91177,475661
2020-06-16,135945,31257,104688,489563
2020-06-23,161593,32078,129515,532101
2020-06-30,173526,34971,138555,561628
2020-07-07,179810,40467,139343,572776
2020-07-14,177400,42427,134973,580175
2020-07-21,181256,40987,140269,603138
2020-07-28,159894,42758,117136,598629
2020-08-04,165357,51885,113472,561837
2020-08-11,155418,57726,97692,553345
2020-08-18,151016,55578,95438,544010
2020-08-25,145055,58206,86849,549282
2020-09-01,147175,49433,97742,547704
2020-09-08,155528,51236,104292,557457
2020-09-15,166571,55473,111098,578925
2020-09-22,144670,63222,81448,575877
2020-09-29,140320,45948,94372,562396
2020-10-06,139350,44738,94612,555555
2020-10-13,138169,56388,81781,553197
2020-10-20,149108,58543,90565,562993
2020-10-27,149140,47265,101875,560900
2020-11-03,140094,49399,90695,544774
2020-11-10,130105,50322,79783,547449
2020-11-17,139550,49103,90447,557533
2020-11-24,137503,52155,85348,555253
2020-12-01,134446,48903,85543,538042
2020-12-08,147844,49033,98811,549520
2020-12-15,151901,50022,101879,550366
2020-12-21,158194,50070,108124,560769
2020-12-29,159673,50678,108995,556414
2021-01-05,167096,50527,116569,568888
2021-01-12,131057,52823,78234,555538
2021-01-19,127161,49090,78071,541330
2021-01-26,142815,46416,96399,534574
2021-02-02,137062,49284,87778,520011
2021-02-09,134733,47093,87640,506741
2021-02-16,125997,58041,67956,503016
2021-02-23,125124,56001,69123,481125
2021-03-02,106608,60648,45960,467008
2021-03-09,96223,66793,29430,473871
2021-03-16,100669,59548,41121,476467
2021-03-23,107941,64420,43521,485457
2021-03-30,113009,69936,43073,467321
2021-04-06,121563,55091,66472,463353
2021-04-13,112070,58263,53807,460733
2021-04-20,116843,60419,56424,471738
2021-04-27,117144,66493,50651,473305
2021-05-04,117434,63809,53625,470341
2021-05-11,131295,49680,81615,498693
2021-05-18,141776,49786,91990,520410
2021-05-25,143862,36607,107255,510164
2021-06-01,147270,37297,109973,489198
2021-06-08,145037,37373,107664,491858
2021-06-15,138546,41754,96792,480127
2021-06-22,110038,47502,62536,453940
2021-06-29,115438,54056,61382,453360
2021-07-06,131218,53258,77960,465811
2021-07-13,135938,49647,86291,495798
2021-07-20,135163,44735,90428,490520
2021-07-27,131635,41405,90230,500187
2021-08-03,132920,43047,89873,485663
2021-08-10,111892,76489,35403,477232
2021-08-17,117272,58194,59078,485485
2021-08-24,126636,51192,75444,504735
2021-08-31,136555,54878,81677,507113
2021-09-07,129044,61449,67595,506772
2021-09-14,130837,59615,71222,506356
2021-09-21,119777,72933,46844,492765
2021-09-28,118923,88062,30861,490858
2021-10-05,126745,72579,54166,483789
2021-10-12,131668,73149,58519,484382
2021-10-19,124560,66761,57799,485974
2021-10-26,141280,54918,86362,509794
2021-11-02,136944,51705,85239,507616
2021-11-09,168133,42523,125610,571025
2021-11-16,185468,43083,142385,612612
2021-11-23,152273,46934,105339,559823
2021-11-30,137469,45384,92085,531868
2021-12-07,125067,44326,80741,499307
2021-12-14,121492,58075,63417,503709
2021-12-21,124120,52372,71748,500846
2021-12-28,130389,46726,83663,508912
2022-01-04,124252,44744,79508,502717
2022-01-11,119297,44987,74310,546516
2022-01-18,119807,48014,71793,539204
2022-01-25,140640,39265,101375,572078
2022-02-01,108309,58395,49914,515331
2022-02-08,117234,47767,69467,512842
2022-02-15,151530,43824,107706,558645
2022-02-22,183356,44380,138976,611488
2022-03-01,187215,38594,148621,615600
2022-03-08,181510,38537,142973,638502
2022-03-15,165597,39060,126537,617605
2022-03-22,152589,37457,115132,605191
2022-03-29,146486,38184,108302,574521
2022-04-05,148320,46693,101627,560666
2022-04-12,165244,48219,117025,577639
2022-04-19,157560,56294,101266,575202
2022-04-26,138215,57098,81117,557785
2022-05-03,128828,60981,67847,560441
2022-05-10,123931,61939,61992,571447
2022-05-17,115572,72212,43360,555756
2022-05-24,121174,60117,61057,530098
2022-05-31,112731,61938,50793,513722
2022-06-07,115215,57684,57531,494130
2022-06-14,109111,72206,36905,497456
2022-06-21,113220,63417,49803,500276
2022-06-28,110850,74748,36102,497005
2022-07-05,103472,86438,17034,498210
2022-07-12,91669,97802,-6133,542493
2022-07-19,91056,109794,-18738,524786
2022-07-26,92216,111309,-19093,487515
2022-08-02,96634,80779,15855,459649
2022-08-09,100013,59279,40734,453540
2022-08-16,96765,60392,36373,453960
2022-08-23,95850,73739,22111,457762
2022-08-30,91761,79973,11788,459165
2022-09-06,85842,92804,-6962,465908
2022-09-13,80300,98637,-18337,463674
2022-09-20,78544,115239,-36695,469395
2022-09-27,74171,117265,-43094,457061
2022-10-04,82806,89681,-6875,437065
2022-10-11,78365,83945,-5580,431395
2022-10-18,73344,99042,-25698,434701
2022-10-25,72016,110804,-38788,456072
2022-11-01,78213,119614,-41401,467276
2022-11-08,88059,104405,-16346,488471
2022-11-15,95065,69608,25457,495171
2022-11-22,92161,72730,19431,449542
2022-11-29,88032,73312,14720,433661
2022-12-06,93629,70142,23487,422100
2022-12-13,103737,66288,37449,437040
2022-12-20,104813,65718,39095,436653
2022-12-27,106983,56106,50877,440040
2023-01-03,109140,54559,54581,449393
2023-01-10,116604,54795,61809,481519
2023-01-17,124222,54845,69377,491818
2023-01-24,131501,51622,79879,499927
2023-01-31,138125,53678,84447,471642
2023-02-07,115521,55945,59576,439755
2023-02-14,106106,64933,41173,426116
2023-02-21,104710,68004,36706,422648
2023-02-28,99425,72850,26575,426890
2023-03-07,103439,89040,14399,458474
2023-03-14,118560,58839,59721,459064
2023-03-21,125090,43861,81229,469874
2023-03-28,130530,31370,99160,478611
2023-04-04,142348,32217,110131,476592
2023-04-11,135015,30409,104606,476567
2023-04-18,137170,34474,102696,482254
2023-04-25,135979,33176,102803,473209
2023-05-02,143191,29401,113790,493804
2023-05-09,143463,32477,110986,518951
2023-05-16,139786,35803,103983,521832
2023-05-23,128550,35411,93139,479080
2023-05-30,122904,36201,86703,449515
2023-06-06,120985,27557,93428,436301
2023-06-13,110512,35869,74643,432898
2023-06-20,110314,34275,76039,438037
2023-06-27,108209,38534,69675,431861
2023-07-03,123017,39869,83148,448063
2023-07-11,124394,41951,82443,483170
2023-07-18,147644,32326,115318,482104
2023-07-25,132603,37316,95287,476176
2023-08-01,123802,43793,80009,439383
2023-08-08,114585,55979,58606,427759
2023-08-15,113146,83610,29536,433611
2023-08-22,105085,95976,9109,430239
2023-08-29,120609,81367,39242,442806
2023-09-05,120222,69857,50365,438672
2023-09-12,117737,83166,34571,441221
2023-09-19,121172,73782,47390,438078
2023-09-26,114668,91230,23438,435620
2023-10-03,100500,108061,-7561,431226
2023-10-10,93934,120701,-26767,436499
2023-10-17,104708,89605,15103,439581
2023-10-24,122456,66708,55748,463476
2023-10-31,140111,65271,74840,475808
2023-11-07,140609,62374,78235,484347
2023-11-14,132924,68609,64315,486634
2023-11-21,144381,65246,79135,508429
2023-11-28,169695,54802,114893,505658
2023-12-05,159907,50520,109387,487469
2023-12-12,149634,54106,95528,469939
2023-12-19,155697,47421,108276,481203
2023-12-26,152801,46347,106454,491343
2024-01-02,154384,45235,109149,500364
2024-01-09,134333,45874,88459,489849
2024-01-16,130931,47702,83229,489334
2024-01-23,111298,50265,61033,465872
2024-01-30,108093,52069,56024,430328
2024-02-06,114316,46247,68069,419121
2024-02-13,100642,66466,34176,420812
2024-02-20,98840,48917,49923,407063
2024-02-27,103885,47732,56153,411195
2024-03-05,145106,35343,109763,471616
2024-03-12,173994,32911,141083,516057
2024-03-19,172588,29692,142896,535047
2024-03-26,163006,27211,135795,503642
2024-04-02,173073,25993,147080,500045
2024-04-09,174617,32885,141732,505214
2024-04-16,169910,35174,134736,517193
2024-04-23,176400,34261,142139,516249
2024-04-30,171853,36826,135027,519791
2024-05-07,164780,38681,126099,529835
2024-05-14,171868,41433,130435,522952
2024-05-21,190605,42082,148523,530591
2024-05-28,174444,25616,148828,485430
2024-06-04,172560,20261,152299,447488
2024-06-11,168424,15459,152965,436857
2024-06-18,177639,17018,160621,444345
2024-06-25,174756,16554,158202,452190
2024-07-02,167688,16873,150815,454730
2024-07-09,181982,24515,157467,516324
2024-07-16,216502,31970,184532,579862
2024-07-23,197802,34942,162860,572306
2024-07-30,185586,33222,152364,510914
2024-08-06,180303,29517,150786,480645
2024-08-13,203844,25929,177915,505872
2024-08-20,222142,28837,193305,532867
2024-08-27,217976,17685,200291,521759
2024-09-03,212086,19996,192090,511136
2024-09-10,213645,23190,190455,511501
2024-09-17,241844,25489,216355,537627
2024-09-24,256435,37406,219029,564640
2024-10-01,247867,33405,214462,533107
2024-10-08,227596,33537,194059,520316
2024-10-15,233871,34450,199421,541232
2024-10-22,242427,37267,205160,573760
2024-10-29,234856,39683,195173,579468
2024-11-05,219687,36684,183003,558034
2024-11-12,203661,38365,165296,535981
2024-11-19,193355,38181,155174,502952
2024-11-26,203596,24306,179290,472660
2024-12-03,203580,22845,180735,462040
2024-12-10,218482,22404,196078,483346
2024-12-17,201880,18378,183502,466571
2024-12-24,186099,20602,165497,454646
2024-12-31,182128,15959,166169,458584
2025-01-07,191873,14232,177641,477043
2025-01-14,206968,11346,195622,526467
2025-01-21,226964,11095,215869,571387
2025-01-28,227871,17331,210540,577505
2025-02-04,240485,30952,209533,542004
2025-02-11,229071,34268,194803,528719
2025-02-18,222538,37209,185329,522330
2025-02-25,212694,32882,179812,512179
2025-03-04,204965,38307,166658,489270
2025-03-11,204907,37331,167576,511276
2025-03-18,220879,37045,183834,533566
2025-03-25,213505,38773,174732,511482
2025-04-01,204833,62834,141999,498746
2025-04-08,175393,44407,130986,445468
2025-04-15,168400,43546,124854,456628
2025-04-22,166360,45458,120902,465351
2025-04-29,150715,44820,105895,451868
2025-05-06,144383,42292,102091,452414
2025-05-13,144410,43183,101227,440842
2025-05-20,149149,41520,107629,448000
2025-05-27,147502,36686,110816,437538
2025-06-03,159966,36384,123582,415941
2025-06-10,160680,36589,124091,417143
2025-06-17,167646,37135,130511,441214
2025-06-24,163829,38701,125128,434958
2025-07-01,165086,34726,130360,437662
2025-07-08,164685,35743,128942,443144
2025-07-15,172657,35930,136727,448531
2025-07-22,194753,34819,159934,489423
2025-07-29,170918,36662,134256,445259
2025-08-05,186304,32317,153987,449647
2025-08-12,182337,34050,148287,446152
2025-08-19,173388,36003,137385,438541
2025-08-26,175494,33577,141917,443760
2025-09-02,196127,34625,161502,492908
2025-09-09,198907,35388,163519,509625
2025-09-16,195347,36376,158971,516221
2025-09-23,198826,38277,160549,528789
2025-09-30,184199,38972,145227,493748
2025-10-07,170587,40828,129759,485559
2025-10-14,152187,43877,108310,485788
2025-10-21,135503,43276,92227,472421
2025-10-28,138605,34446,104159,457122
2025-11-04,130688,30143,100545,450399
2025-11-10,134155,30068,104087,459997
2025-11-18,130222,32017,98205,471953
2025-11-25,136979,27670,109309,432946
2025-12-02,140143,19819,120324,418490
2025-12-09,143383,19835,123548,432569
2025-12-16,152873,20277,132596,471093
2025-12-23,160581,24311,136270,492103
2025-12-30,148642,22602,126040,481866
2026-01-06,146445,23232,123213,488116
2026-01-13,158825,24080,134745,527455
2026-01-20,163668,26224,137444,528004
2026-01-27,143321,25162,118159,488463
2026-02-03,118936,26864,92072,409694
2026-02-10,119232,27210,92022,404391
2026-02-17,123011,27118,95893,407078
2026-02-24,121233,25259,95974,420182
2026-03-03,123456,25539,97917,409789
2026-03-10,125077,26678,98399,413956
2026-03-17,130147,28104,102043,411388
2026-03-24,119562,27941,91621,403925
2026-03-31,120092,27278,92814,361409
2026-04-07,120726,30694,90032,354877
2026-04-14,125422,30281,95141,362274
2026-04-21,123681,30705,92976,365842
2026-04-28,122257,32505,89752,369530
2026-05-05,123353,29099,94254,367932
2026-05-12,127242,29227,98015,376496
2026-05-19,122894,29354,93540,379325
2026-05-26,124277,26831,97446,353489
2026-06-02,129367,17188,112179,326052
2026-06-09,126280,20417,105863,332709
2026-06-16,128043,14322,113721,339330
2026-06-23,131102,15707,115395,352167
